{
  "properties": {
    "connectionReferences": {
      "shared_commondataserviceforapps_2": {
        "runtimeSource": "embedded",
        "connection": {
          "connectionReferenceLogicalName": "ema_sharedcommondataserviceforapps_552d6"
        },
        "api": {
          "name": "shared_commondataserviceforapps"
        }
      },
      "shared_powerappsforadmins": {
        "runtimeSource": "embedded",
        "connection": {
          "connectionReferenceLogicalName": "ema_sharedpowerappsforadmins_b11c3"
        },
        "api": {
          "name": "shared_powerappsforadmins"
        }
      },
      "shared_powerplatformforadmins_1": {
        "runtimeSource": "embedded",
        "connection": {
          "connectionReferenceLogicalName": "ema_sharedpowerplatformforadmins_b3c93"
        },
        "api": {
          "name": "shared_powerplatformforadmins"
        }
      }
    },
    "definition": {
      "$schema": "https://schema.management.azure.com/providers/Microsoft.Logic/schemas/2016-06-01/workflowdefinition.json#",
      "contentVersion": "1.0.0.0",
      "parameters": {
        "$connections": {
          "defaultValue": {},
          "type": "Object"
        },
        "$authentication": {
          "defaultValue": {},
          "type": "SecureObject"
        }
      },
      "triggers": {
        "manual": {
          "metadata": {
            "operationMetadataId": "a025572e-f356-4e7e-877b-6e7221af63c3"
          },
          "type": "Request",
          "kind": "PowerAppV2",
          "inputs": {
            "schema": {
              "type": "object",
              "properties": {
                "text": {
                  "title": "new_owner_id",
                  "type": "string",
                  "x-ms-dynamically-added": true,
                  "description": "Enter 'User' from table systemusers here",
                  "x-ms-content-hint": "TEXT"
                },
                "text_1": {
                  "title": "canvas_app_name",
                  "type": "string",
                  "x-ms-dynamically-added": true,
                  "description": "Enter 'Unique CanvasApp Id' from canvas app table here",
                  "x-ms-content-hint": "TEXT"
                },
                "boolean": {
                  "title": "old_owner_can_edit",
                  "type": "boolean",
                  "x-ms-dynamically-added": true,
                  "description": "Please select yes or no",
                  "x-ms-content-hint": "BOOLEAN"
                }
              },
              "required": [
                "text",
                "text_1",
                "boolean"
              ]
            }
          }
        }
      },
      "actions": {
        "Try": {
          "actions": {
            "List_rows_from_selected_environment_-_Find_New_Owner": {
              "runAfter": {
                "Get_Environment_as_Admin": [
                  "Succeeded"
                ]
              },
              "metadata": {
                "operationMetadataId": "673bb130-cfc2-4736-bc10-7cc6d2e9feec"
              },
              "type": "OpenApiConnection",
              "inputs": {
                "host": {
                  "connectionName": "shared_commondataserviceforapps_2",
                  "operationId": "ListRecordsWithOrganization",
                  "apiId": "/providers/Microsoft.PowerApps/apis/shared_commondataserviceforapps"
                },
                "parameters": {
                  "organization": "@outputs('Get_Environment_as_Admin')?['body/properties/linkedEnvironmentMetadata/instanceUrl']",
                  "entityName": "systemusers",
                  "$filter": "systemuserid eq '@{triggerBody()['text']}'"
                },
                "authentication": "@parameters('$authentication')"
              }
            },
            "Respond_to_a_PowerApp_or_flow_|_On_Success": {
              "runAfter": {
                "Set_App_Owner": [
                  "Succeeded"
                ]
              },
              "metadata": {
                "operationMetadataId": "959dfdc5-b7f5-40ae-abe9-00c62bc6b604"
              },
              "type": "Response",
              "kind": "PowerApp",
              "inputs": {
                "statusCode": 200,
                "body": {
                  "result": "Succeeded",
                  "response": "That worked! The owner of the app has been successfully updated. ✅",
                  "flowurl": "@{concat('https://make.powerautomate.com/manage/environments/', workflow()['tags']['environmentName'], '/flows/', workflow()['name'], '/runs/', workflow()['run']['name'])}"
                },
                "schema": {
                  "type": "object",
                  "properties": {
                    "result": {
                      "title": "Result",
                      "x-ms-dynamically-added": true,
                      "type": "string"
                    },
                    "response": {
                      "title": "response",
                      "x-ms-dynamically-added": true,
                      "type": "string"
                    },
                    "flowurl": {
                      "title": "FlowUrl",
                      "x-ms-dynamically-added": true,
                      "type": "string"
                    }
                  }
                }
              }
            },
            "Set_App_Owner": {
              "runAfter": {
                "List_rows_from_selected_environment_-_Find_New_Owner": [
                  "Succeeded"
                ]
              },
              "metadata": {
                "operationMetadataId": "93a2caf7-2cca-474c-bf18-01569cfa960a"
              },
              "type": "OpenApiConnection",
              "inputs": {
                "host": {
                  "connectionName": "shared_powerappsforadmins",
                  "operationId": "Set-AdminAppOwner",
                  "apiId": "/providers/Microsoft.PowerApps/apis/shared_powerappsforadmins"
                },
                "parameters": {
                  "environment": "@workflow()['tags']['environmentName']",
                  "app": "@triggerBody()['text_1']",
                  "api-version": "2016-11-01",
                  "Content-Type": " application/json",
                  "body/roleForOldAppOwner": "@If(triggerBody()?['boolean'], 'CanEdit', 'CanView')",
                  "body/newAppOwner": "@outputs('List_rows_from_selected_environment_-_Find_New_Owner')?['body/value'][0]?['azureactivedirectoryobjectid']"
                },
                "authentication": "@parameters('$authentication')"
              },
              "description": "Depending on user selection in PowerMover App (If(triggerBody()?['boolean'], 'CanEdit', 'CanView')) the old owner has edit or view access"
            },
            "Get_Environment_as_Admin": {
              "runAfter": {},
              "metadata": {
                "operationMetadataId": "9a7dd6a1-1e60-43a2-87c8-c9f3f5e0722d"
              },
              "type": "OpenApiConnection",
              "inputs": {
                "host": {
                  "connectionName": "shared_powerplatformforadmins_1",
                  "operationId": "GetSingleEnvironment",
                  "apiId": "/providers/Microsoft.PowerApps/apis/shared_powerplatformforadmins"
                },
                "parameters": {
                  "environment": "@workflow()['tags']['environmentName']",
                  "api-version": "2018-10-01"
                },
                "authentication": "@parameters('$authentication')"
              },
              "description": "workflow()['tags']['environmentName'] is used to get the current environment"
            }
          },
          "runAfter": {},
          "metadata": {
            "operationMetadataId": "2d9b6b49-561b-481e-8ca1-b007dc54aa77"
          },
          "type": "Scope"
        },
        "Catch": {
          "actions": {
            "Respond_to_a_PowerApp_or_flow_|_On_Error": {
              "runAfter": {},
              "metadata": {
                "operationMetadataId": "ceaf54e1-1404-4f25-9007-4bb896bf605a"
              },
              "type": "Response",
              "kind": "PowerApp",
              "inputs": {
                "statusCode": 200,
                "body": {
                  "result": "Failed",
                  "response": "This did not work! New owner not found, check whether he is a user of the environment. The url of the flow run has been copied to your clipboard. Please check the flow run.❌",
                  "flowurl": "@{concat('https://make.powerautomate.com/manage/environments/', workflow()['tags']['environmentName'], '/flows/', workflow()['name'], '/runs/', workflow()['run']['name'])}"
                },
                "schema": {
                  "type": "object",
                  "properties": {
                    "result": {
                      "title": "Result",
                      "x-ms-dynamically-added": true,
                      "type": "string"
                    },
                    "response": {
                      "title": "response",
                      "x-ms-dynamically-added": true,
                      "type": "string"
                    },
                    "flowurl": {
                      "title": "FlowUrl",
                      "x-ms-dynamically-added": true,
                      "type": "string"
                    }
                  }
                }
              }
            },
            "Terminate": {
              "runAfter": {
                "Respond_to_a_PowerApp_or_flow_|_On_Error": [
                  "Succeeded"
                ]
              },
              "metadata": {
                "operationMetadataId": "945f670b-a25f-4795-9e09-6e100d05edb8"
              },
              "type": "Terminate",
              "inputs": {
                "runStatus": "Failed",
                "runError": {
                  "message": "Flow not found, check that it is added in a solution"
                }
              }
            }
          },
          "runAfter": {
            "Try": [
              "Failed",
              "Skipped",
              "TimedOut"
            ]
          },
          "metadata": {
            "operationMetadataId": "38d3c141-db6d-460a-8767-0cb34f63b0f4"
          },
          "type": "Scope"
        }
      }
    },
    "templateName": ""
  },
  "schemaVersion": "1.0.0.0"
}