{
  "properties": {
    "connectionReferences": {
      "shared_commondataserviceforapps_1": {
        "runtimeSource": "embedded",
        "connection": {
          "connectionReferenceLogicalName": "ema_sharedcommondataserviceforapps_552d6"
        },
        "api": {
          "name": "shared_commondataserviceforapps"
        }
      }
    },
    "definition": {
      "$schema": "https://schema.management.azure.com/providers/Microsoft.Logic/schemas/2016-06-01/workflowdefinition.json#",
      "contentVersion": "1.0.0.0",
      "parameters": {
        "$connections": {
          "defaultValue": {},
          "type": "Object"
        },
        "$authentication": {
          "defaultValue": {},
          "type": "SecureObject"
        }
      },
      "triggers": {
        "manual": {
          "metadata": {
            "operationMetadataId": "3f2e5a74-cbb8-4c5d-9b53-64fd13b6231a"
          },
          "type": "Request",
          "kind": "PowerAppV2",
          "inputs": {
            "schema": {
              "type": "object",
              "properties": {
                "text": {
                  "title": "new_owner_id",
                  "type": "string",
                  "x-ms-dynamically-added": true,
                  "description": "Enter 'User' from table systemusers here",
                  "x-ms-content-hint": "TEXT"
                },
                "text_1": {
                  "title": "flow_id",
                  "type": "string",
                  "x-ms-dynamically-added": true,
                  "description": "Enter 'Process' from Processess Table",
                  "x-ms-content-hint": "TEXT"
                }
              },
              "required": [
                "text",
                "text_1"
              ]
            }
          }
        }
      },
      "actions": {
        "Try": {
          "actions": {
            "Update_a_row": {
              "runAfter": {},
              "metadata": {
                "operationMetadataId": "ffd9a959-2f79-423a-b1ed-15103dd3d487"
              },
              "type": "OpenApiConnection",
              "inputs": {
                "host": {
                  "connectionName": "shared_commondataserviceforapps_1",
                  "operationId": "UpdateRecord",
                  "apiId": "/providers/Microsoft.PowerApps/apis/shared_commondataserviceforapps"
                },
                "parameters": {
                  "entityName": "workflows",
                  "recordId": "@triggerBody()?['text_1']",
                  "item/ownerid@odata.bind": "systemusers(@{triggerBody()['text']})"
                },
                "authentication": "@parameters('$authentication')"
              },
              "description": "The owner is updated using the user and process transferred from the trigger"
            },
            "Respond_to_a_Power_App_or_flow_|_On_Success": {
              "runAfter": {
                "Update_a_row": [
                  "Succeeded"
                ]
              },
              "metadata": {
                "operationMetadataId": "78be7a31-b946-4c9d-89ad-c17b40bcc69f"
              },
              "type": "Response",
              "kind": "PowerApp",
              "inputs": {
                "statusCode": 200,
                "body": {
                  "response": "That worked! The owner of the flow has been updated ✅!",
                  "result": "Succeeded",
                  "flowurl": "@{concat('https://make.powerautomate.com/manage/environments/', workflow()['tags']['environmentName'], '/flows/', workflow()['name'], '/runs/', workflow()['run']['name'])}"
                },
                "schema": {
                  "type": "object",
                  "properties": {
                    "response": {
                      "title": "response",
                      "x-ms-dynamically-added": true,
                      "type": "string"
                    },
                    "result": {
                      "title": "Result",
                      "x-ms-dynamically-added": true,
                      "type": "string"
                    },
                    "flowurl": {
                      "title": "FlowUrl",
                      "x-ms-dynamically-added": true,
                      "type": "string"
                    }
                  }
                }
              },
              "description": "If the previous step (the 1st respond) is skipped, no error has occurred, so the happy path is returned to the app"
            }
          },
          "runAfter": {},
          "metadata": {
            "operationMetadataId": "5ed71a2b-676b-4ce2-b7ed-e011f3bbb5f9"
          },
          "type": "Scope"
        },
        "Catch": {
          "actions": {
            "Respond_to_a_Power_App_or_flow_|_On_Error": {
              "runAfter": {},
              "metadata": {
                "operationMetadataId": "6dcd6e25-64a0-473d-9588-6352288096c5"
              },
              "type": "Response",
              "kind": "PowerApp",
              "inputs": {
                "statusCode": 200,
                "body": {
                  "response": "This did not work! The owner of the flow could not be updated. The url of the flow run has been copied to your clipboard. Please check the flow run. ❌",
                  "result": "Failed",
                  "flowurl": "@{concat('https://make.powerautomate.com/manage/environments/', workflow()['tags']['environmentName'], '/flows/', workflow()['name'], '/runs/', workflow()['run']['name'])}"
                },
                "schema": {
                  "type": "object",
                  "properties": {
                    "response": {
                      "title": "response",
                      "x-ms-dynamically-added": true,
                      "type": "string"
                    },
                    "result": {
                      "title": "Result",
                      "x-ms-dynamically-added": true,
                      "type": "string"
                    },
                    "flowurl": {
                      "title": "FlowUrl",
                      "x-ms-dynamically-added": true,
                      "type": "string"
                    }
                  }
                }
              },
              "description": "If an error occurs when updating a row, a message is sent to the PowerApp"
            },
            "Terminate": {
              "runAfter": {
                "Respond_to_a_Power_App_or_flow_|_On_Error": [
                  "Succeeded"
                ]
              },
              "metadata": {
                "operationMetadataId": "a2484d8a-3f7b-4158-94c8-3e9f4c27d114"
              },
              "type": "Terminate",
              "inputs": {
                "runStatus": "Failed"
              }
            }
          },
          "runAfter": {
            "Try": [
              "Failed",
              "Skipped",
              "TimedOut"
            ]
          },
          "metadata": {
            "operationMetadataId": "d6facf3c-ea7b-45b7-8e07-4af11451097a"
          },
          "type": "Scope"
        }
      }
    },
    "templateName": ""
  },
  "schemaVersion": "1.0.0.0"
}