{
  "properties": {
    "connectionReferences": {},
    "definition": {
      "$schema": "https://schema.management.azure.com/providers/Microsoft.Logic/schemas/2016-06-01/workflowdefinition.json#",
      "contentVersion": "1.0.0.0",
      "parameters": {
        "$authentication": {
          "defaultValue": {},
          "type": "SecureObject"
        }
      },
      "triggers": {
        "manual": {
          "metadata": {
            "operationMetadataId": "fc4a4e78-6885-4172-a453-e58e67c4502f"
          },
          "type": "Request",
          "kind": "PowerAppV2",
          "inputs": {
            "schema": {
              "type": "object",
              "properties": {
                "text": {
                  "title": "colTransferComponents",
                  "type": "string",
                  "x-ms-dynamically-added": true,
                  "description": "JSON Containing all apps, flow, connection ref. & environment variables",
                  "x-ms-content-hint": "TEXT"
                },
                "boolean": {
                  "description": "Please select yes or no",
                  "title": "old_owner_can_edit",
                  "type": "boolean",
                  "x-ms-content-hint": "BOOLEAN",
                  "x-ms-dynamically-added": true
                },
                "text_1": {
                  "title": "new_owner_id",
                  "type": "string",
                  "x-ms-dynamically-added": true,
                  "description": "Please enter your input",
                  "x-ms-content-hint": "TEXT"
                }
              },
              "required": [
                "text",
                "boolean",
                "text_1"
              ]
            }
          }
        }
      },
      "actions": {
        "Try": {
          "actions": {
            "Compose": {
              "runAfter": {},
              "metadata": {
                "operationMetadataId": "17a48a7d-6b00-4958-8770-7d3ec61a92c6"
              },
              "type": "Compose",
              "inputs": "@json(triggerBody()['text'])"
            },
            "Filter_array_|_Apps": {
              "runAfter": {
                "Compose": [
                  "Succeeded"
                ]
              },
              "metadata": {
                "operationMetadataId": "b6519503-2859-45c7-9ed1-fa20832c7111"
              },
              "type": "Query",
              "inputs": {
                "from": "@outputs('Compose')",
                "where": "@equals(item()['componenttype'], 'app')"
              }
            },
            "For_each_|_App": {
              "foreach": "@outputs('Filter_array_|_Apps')['body']",
              "actions": {
                "Run_a_Child_Flow_|_Update_Canvas_App_Owner": {
                  "runAfter": {},
                  "metadata": {
                    "operationMetadataId": "87169c67-7fb5-455f-882c-167f1508d9eb"
                  },
                  "type": "Workflow",
                  "inputs": {
                    "host": {
                      "workflowReferenceName": "687e5f72-5860-ef11-bfe4-6045bd17d6fb"
                    },
                    "body": {
                      "text": "@triggerBody()['text_1']",
                      "text_1": "@items('For_each_|_App')['id']",
                      "boolean": "@triggerBody()?['boolean']"
                    }
                  },
                  "description": "@{items('For_each_|_App')['aadcreatedbyid']} | @{items('For_each_|_App')['id']}"
                }
              },
              "runAfter": {
                "Filter_array_|_Connection_References": [
                  "Succeeded"
                ]
              },
              "metadata": {
                "operationMetadataId": "9ee1319d-6ba7-4584-94a4-441fd0209996"
              },
              "type": "Foreach",
              "runtimeConfiguration": {
                "concurrency": {
                  "repetitions": 50
                }
              }
            },
            "Filter_array_|_Flow": {
              "runAfter": {
                "Filter_array_|_Apps": [
                  "Succeeded"
                ]
              },
              "metadata": {
                "operationMetadataId": "b6519503-2859-45c7-9ed1-fa20832c7111"
              },
              "type": "Query",
              "inputs": {
                "from": "@outputs('Compose')",
                "where": "@equals(item()['componenttype'],'flow')"
              }
            },
            "Filter_array_|_Environment_Variables": {
              "runAfter": {
                "Filter_array_|_Flow": [
                  "Succeeded"
                ]
              },
              "metadata": {
                "operationMetadataId": "b6519503-2859-45c7-9ed1-fa20832c7111"
              },
              "type": "Query",
              "inputs": {
                "from": "@outputs('Compose')",
                "where": "@equals(item()['componenttype'], 'environment_variable')"
              }
            },
            "Filter_array_|_Connection_References": {
              "runAfter": {
                "Filter_array_|_Environment_Variables": [
                  "Succeeded"
                ]
              },
              "metadata": {
                "operationMetadataId": "b6519503-2859-45c7-9ed1-fa20832c7111"
              },
              "type": "Query",
              "inputs": {
                "from": "@outputs('Compose')",
                "where": "@equals(item()['componenttype'],'connection_reference')"
              }
            },
            "For_each_|_Flow": {
              "foreach": "@body('Filter_array_|_Flow')",
              "actions": {
                "Run_a_Child_Flow_|_Update_Flow_Owner": {
                  "runAfter": {},
                  "metadata": {
                    "operationMetadataId": "ba95bb19-ed41-48e4-a89f-a13faea260c7"
                  },
                  "type": "Workflow",
                  "inputs": {
                    "host": {
                      "workflowReferenceName": "e0d31a9f-5b60-ef11-bfe4-6045bd17d6fb"
                    },
                    "body": {
                      "text": "@triggerBody()['text_1']",
                      "text_1": "@items('For_each_|_Flow')['id']"
                    }
                  },
                  "description": "@{items('For_each_|_Flow')['owninguser']['systemuserid']} | @{items('For_each_|_Flow')['id']}"
                }
              },
              "runAfter": {
                "Filter_array_|_Connection_References": [
                  "Succeeded"
                ]
              },
              "metadata": {
                "operationMetadataId": "7b863b6a-e597-4ec4-869c-47c9e645e93c"
              },
              "type": "Foreach",
              "runtimeConfiguration": {
                "concurrency": {
                  "repetitions": 50
                }
              }
            },
            "For_each_|_Environment_Variable": {
              "foreach": "@body('Filter_array_|_Environment_Variables')",
              "actions": {
                "Run_a_Child_Flow_|_Update_Environment_Variable_Definition_Owner": {
                  "runAfter": {},
                  "metadata": {
                    "operationMetadataId": "5ce85c09-5c91-4e09-9d9c-6c633a746752"
                  },
                  "type": "Workflow",
                  "inputs": {
                    "host": {
                      "workflowReferenceName": "56301a04-5b60-ef11-bfe4-6045bd17d6fb"
                    },
                    "body": {
                      "text": "@triggerBody()['text_1']",
                      "text_1": "@items('For_each_|_Environment_Variable')['id']"
                    }
                  },
                  "description": "@{items('For_each_|_Environment_Variable')['owninguser']['systemuserid']} | @{items('For_each_|_Environment_Variable')['id']}"
                }
              },
              "runAfter": {
                "Filter_array_|_Connection_References": [
                  "Succeeded"
                ]
              },
              "metadata": {
                "operationMetadataId": "42c10a88-d341-4d03-b323-e49ca1591550"
              },
              "type": "Foreach",
              "runtimeConfiguration": {
                "concurrency": {
                  "repetitions": 50
                }
              }
            },
            "For_each_|_Connection_Reference": {
              "foreach": "@body('Filter_array_|_Connection_References')",
              "actions": {
                "Run_a_Child_Flow_|_Update_Connection_Reference_Owner": {
                  "runAfter": {},
                  "metadata": {
                    "operationMetadataId": "787d24a4-4fb3-4805-a76d-f3937c15cd76"
                  },
                  "type": "Workflow",
                  "inputs": {
                    "host": {
                      "workflowReferenceName": "04898f0a-5a60-ef11-bfe4-6045bd17d6fb"
                    },
                    "body": {
                      "text": "@triggerBody()['text_1']",
                      "text_1": "@items('For_each_|_Connection_Reference')['id']"
                    }
                  },
                  "description": "@{items('For_each_|_Connection_Reference')['owninguser']['systemuserid']} | @{items('For_each_|_Connection_Reference')['id']}"
                }
              },
              "runAfter": {
                "Filter_array_|_Connection_References": [
                  "Succeeded"
                ]
              },
              "metadata": {
                "operationMetadataId": "53b3ee55-12ce-47f6-bb2c-46ed4817d2a6"
              },
              "type": "Foreach",
              "runtimeConfiguration": {
                "concurrency": {
                  "repetitions": 50
                }
              }
            },
            "Respond_to_a_Power_App_or_flow_|_On_Success": {
              "runAfter": {
                "For_each_|_App": [
                  "Succeeded"
                ],
                "For_each_|_Connection_Reference": [
                  "Succeeded"
                ],
                "For_each_|_Environment_Variable": [
                  "Succeeded"
                ],
                "For_each_|_Flow": [
                  "Succeeded"
                ]
              },
              "metadata": {
                "operationMetadataId": "78be7a31-b946-4c9d-89ad-c17b40bcc69f"
              },
              "type": "Response",
              "kind": "PowerApp",
              "inputs": {
                "statusCode": 200,
                "body": {
                  "response": "That worked! The owner all the components has been updated ✅!",
                  "result": "Succeeded",
                  "flowurl": "@{concat('https://make.powerautomate.com/manage/environments/', workflow()['tags']['environmentName'], '/flows/', workflow()['name'], '/runs/', workflow()['run']['name'])}"
                },
                "schema": {
                  "type": "object",
                  "properties": {
                    "response": {
                      "title": "response",
                      "x-ms-dynamically-added": true,
                      "type": "string"
                    },
                    "result": {
                      "title": "Result",
                      "x-ms-dynamically-added": true,
                      "type": "string"
                    },
                    "flowurl": {
                      "title": "FlowUrl",
                      "x-ms-dynamically-added": true,
                      "type": "string"
                    }
                  }
                }
              },
              "description": "If the previous step (the 1st respond) is skipped, no error has occurred, so the happy path is returned to the app"
            }
          },
          "runAfter": {},
          "metadata": {
            "operationMetadataId": "dcf82d68-2cbe-496d-be45-d8c236f648b5"
          },
          "type": "Scope"
        },
        "Catch": {
          "actions": {
            "Respond_to_a_Power_App_or_flow_|_On_Error": {
              "runAfter": {},
              "metadata": {
                "operationMetadataId": "6dcd6e25-64a0-473d-9588-6352288096c5"
              },
              "type": "Response",
              "kind": "PowerApp",
              "inputs": {
                "statusCode": 200,
                "body": {
                  "response": "This did not work! The owner of the flow could not be updated. The url of the flow run has been copied to your clipboard. Please check the flow run. ❌",
                  "result": "Failed",
                  "flowurl": "@{concat('https://make.powerautomate.com/manage/environments/', workflow()['tags']['environmentName'], '/flows/', workflow()['name'], '/runs/', workflow()['run']['name'])}"
                },
                "schema": {
                  "type": "object",
                  "properties": {
                    "response": {
                      "title": "response",
                      "x-ms-dynamically-added": true,
                      "type": "string"
                    },
                    "result": {
                      "title": "Result",
                      "x-ms-dynamically-added": true,
                      "type": "string"
                    },
                    "flowurl": {
                      "title": "FlowUrl",
                      "x-ms-dynamically-added": true,
                      "type": "string"
                    }
                  }
                }
              },
              "description": "If an error occurs when updating a row, a message is sent to the PowerApp"
            },
            "Terminate": {
              "runAfter": {
                "Respond_to_a_Power_App_or_flow_|_On_Error": [
                  "Succeeded"
                ]
              },
              "metadata": {
                "operationMetadataId": "c7401b2e-c446-4143-ba0c-bd28896d3576"
              },
              "type": "Terminate",
              "inputs": {
                "runStatus": "Failed"
              }
            }
          },
          "runAfter": {
            "Try": [
              "Failed",
              "Skipped",
              "TimedOut"
            ]
          },
          "metadata": {
            "operationMetadataId": "2470c038-d1d6-4153-b9a9-9f715e7c0d42"
          },
          "type": "Scope"
        }
      }
    },
    "templateName": ""
  },
  "schemaVersion": "1.0.0.0"
}