<ImportExportXml version="9.2.24092.160" SolutionPackageVersion="9.2" languagecode="1033" generatedBy="CrmLive" xmlns:xsi="http://www.w3.org/2001/XMLSchema-instance" OrganizationVersion="9.2.24092.160" OrganizationSchemaType="Standard" CRMServerServiceabilityVersion="9.2.24093.00168">
  <SolutionManifest>
    <UniqueName>PowerMoverManageOwnerships</UniqueName>
    <LocalizedNames>
      <LocalizedName description="PowerMover - Manage Ownerships" languagecode="1033" />
    </LocalizedNames>
    <Descriptions />
    <Version>1.0.0.3</Version>
    <Managed>0</Managed>
    <Publisher>
      <UniqueName>EinfachMachen</UniqueName>
      <LocalizedNames>
        <LocalizedName description="EinfachMachen" languagecode="1033" />
      </LocalizedNames>
      <Descriptions />
      <EMailAddress xsi:nil="true"></EMailAddress>
      <SupportingWebsiteUrl xsi:nil="true"></SupportingWebsiteUrl>
      <CustomizationPrefix>ema</CustomizationPrefix>
      <CustomizationOptionValuePrefix>78761</CustomizationOptionValuePrefix>
      <Addresses>
        <Address>
          <AddressNumber>1</AddressNumber>
          <AddressTypeCode>1</AddressTypeCode>
          <City xsi:nil="true"></City>
          <County xsi:nil="true"></County>
          <Country xsi:nil="true"></Country>
          <Fax xsi:nil="true"></Fax>
          <FreightTermsCode xsi:nil="true"></FreightTermsCode>
          <ImportSequenceNumber xsi:nil="true"></ImportSequenceNumber>
          <Latitude xsi:nil="true"></Latitude>
          <Line1 xsi:nil="true"></Line1>
          <Line2 xsi:nil="true"></Line2>
          <Line3 xsi:nil="true"></Line3>
          <Longitude xsi:nil="true"></Longitude>
          <Name xsi:nil="true"></Name>
          <PostalCode xsi:nil="true"></PostalCode>
          <PostOfficeBox xsi:nil="true"></PostOfficeBox>
          <PrimaryContactName xsi:nil="true"></PrimaryContactName>
          <ShippingMethodCode>1</ShippingMethodCode>
          <StateOrProvince xsi:nil="true"></StateOrProvince>
          <Telephone1 xsi:nil="true"></Telephone1>
          <Telephone2 xsi:nil="true"></Telephone2>
          <Telephone3 xsi:nil="true"></Telephone3>
          <TimeZoneRuleVersionNumber xsi:nil="true"></TimeZoneRuleVersionNumber>
          <UPSZone xsi:nil="true"></UPSZone>
          <UTCOffset xsi:nil="true"></UTCOffset>
          <UTCConversionTimeZoneCode xsi:nil="true"></UTCConversionTimeZoneCode>
        </Address>
        <Address>
          <AddressNumber>2</AddressNumber>
          <AddressTypeCode>1</AddressTypeCode>
          <City xsi:nil="true"></City>
          <County xsi:nil="true"></County>
          <Country xsi:nil="true"></Country>
          <Fax xsi:nil="true"></Fax>
          <FreightTermsCode xsi:nil="true"></FreightTermsCode>
          <ImportSequenceNumber xsi:nil="true"></ImportSequenceNumber>
          <Latitude xsi:nil="true"></Latitude>
          <Line1 xsi:nil="true"></Line1>
          <Line2 xsi:nil="true"></Line2>
          <Line3 xsi:nil="true"></Line3>
          <Longitude xsi:nil="true"></Longitude>
          <Name xsi:nil="true"></Name>
          <PostalCode xsi:nil="true"></PostalCode>
          <PostOfficeBox xsi:nil="true"></PostOfficeBox>
          <PrimaryContactName xsi:nil="true"></PrimaryContactName>
          <ShippingMethodCode>1</ShippingMethodCode>
          <StateOrProvince xsi:nil="true"></StateOrProvince>
          <Telephone1 xsi:nil="true"></Telephone1>
          <Telephone2 xsi:nil="true"></Telephone2>
          <Telephone3 xsi:nil="true"></Telephone3>
          <TimeZoneRuleVersionNumber xsi:nil="true"></TimeZoneRuleVersionNumber>
          <UPSZone xsi:nil="true"></UPSZone>
          <UTCOffset xsi:nil="true"></UTCOffset>
          <UTCConversionTimeZoneCode xsi:nil="true"></UTCConversionTimeZoneCode>
        </Address>
      </Addresses>
    </Publisher>
    <RootComponents>
      <RootComponent type="29" id="{04898f0a-5a60-ef11-bfe4-6045bd17d6fb}" behavior="0" />
      <RootComponent type="29" id="{522fae3c-f27e-ef11-ac20-6045bd170579}" behavior="0" />
      <RootComponent type="29" id="{56301a04-5b60-ef11-bfe4-6045bd17d6fb}" behavior="0" />
      <RootComponent type="29" id="{687e5f72-5860-ef11-bfe4-6045bd17d6fb}" behavior="0" />
      <RootComponent type="29" id="{e0d31a9f-5b60-ef11-bfe4-6045bd17d6fb}" behavior="0" />
      <RootComponent type="300" schemaName="ema_powermovermanageownerships_9e5df" behavior="0" />
    </RootComponents>
    <MissingDependencies>
      <MissingDependency>
        <Required type="1" schemaName="connectionreference" displayName="Connection Reference" solution="PowerPlatformConnectionReferences (1.3.5.0)">
          <package>PowerPlatformConnectionReferencesAnchor (1.5.3.0)</package>
        </Required>
        <Dependent type="29" displayName="PowerMover | Update Connection Reference Owner | Instant" id="{04898f0a-5a60-ef11-bfe4-6045bd17d6fb}" />
      </MissingDependency>
      <MissingDependency>
        <Required type="1" schemaName="connectionreference" displayName="Connection Reference" solution="PowerPlatformConnectionReferences (1.3.5.0)">
          <package>PowerPlatformConnectionReferencesAnchor (1.5.3.0)</package>
        </Required>
        <Dependent type="300" schemaName="ema_powermovermanageownerships_9e5df" displayName="PowerMover - Manage Ownerships" />
      </MissingDependency>
      <MissingDependency>
        <Required type="1" schemaName="environmentvariabledefinition" displayName="Environment Variable Definition" solution="EnvironmentVariables (1.0.2406.4)" />
        <Dependent type="29" displayName="PowerMover | Update Environment Variable Definition Owner | Instant" id="{56301a04-5b60-ef11-bfe4-6045bd17d6fb}" />
      </MissingDependency>
      <MissingDependency>
        <Required type="1" schemaName="environmentvariabledefinition" displayName="Environment Variable Definition" solution="EnvironmentVariables (1.0.2406.4)" />
        <Dependent type="300" schemaName="ema_powermovermanageownerships_9e5df" displayName="PowerMover - Manage Ownerships" />
      </MissingDependency>
      <MissingDependency>
        <Required type="1" schemaName="environmentvariablevalue" displayName="Environment Variable Value" solution="EnvironmentVariables (1.0.2406.4)" />
        <Dependent type="300" schemaName="ema_powermovermanageownerships_9e5df" displayName="PowerMover - Manage Ownerships" />
      </MissingDependency>
    </MissingDependencies>
  </SolutionManifest>
</ImportExportXml>