{
  "properties": {
    "connectionReferences": {
      "shared_commondataserviceforapps_1": {
        "runtimeSource": "embedded",
        "connection": {
          "connectionReferenceLogicalName": "ema_sharedcommondataserviceforapps_552d6"
        },
        "api": {
          "name": "shared_commondataserviceforapps"
        }
      }
    },
    "definition": {
      "$schema": "https://schema.management.azure.com/providers/Microsoft.Logic/schemas/2016-06-01/workflowdefinition.json#",
      "contentVersion": "1.0.0.0",
      "parameters": {
        "$connections": {
          "defaultValue": {},
          "type": "Object"
        },
        "$authentication": {
          "defaultValue": {},
          "type": "SecureObject"
        }
      },
      "triggers": {
        "manual": {
          "metadata": {
            "operationMetadataId": "5c4d3766-2ae3-4977-a460-6598907c834c"
          },
          "type": "Request",
          "kind": "PowerAppV2",
          "inputs": {
            "schema": {
              "type": "object",
              "properties": {
                "text": {
                  "title": "new_owner_id",
                  "type": "string",
                  "x-ms-dynamically-added": true,
                  "description": "Enter 'User' from table systemusers here",
                  "x-ms-content-hint": "TEXT"
                },
                "text_1": {
                  "title": "environment_variable_definition",
                  "type": "string",
                  "x-ms-dynamically-added": true,
                  "description": "Enter 'Environment Variable Definition' from Environment Variable Definition Table",
                  "x-ms-content-hint": "TEXT"
                },
                "boolean": {
                  "title": "is_bulk",
                  "type": "boolean",
                  "x-ms-dynamically-added": true,
                  "description": "true of false depending on if it is a single (directly from power apps) or bulk transfer of components (using parent flow and apply-to-each loop)",
                  "x-ms-content-hint": "BOOLEAN"
                }
              },
              "required": [
                "text",
                "text_1",
                "boolean"
              ]
            }
          }
        }
      },
      "actions": {
        "Try": {
          "actions": {
            "Respond_to_a_Power_App_or_flow_|_On_Success": {
              "runAfter": {
                "Update_a_row": [
                  "Succeeded"
                ]
              },
              "metadata": {
                "operationMetadataId": "78be7a31-b946-4c9d-89ad-c17b40bcc69f"
              },
              "type": "Response",
              "kind": "PowerApp",
              "inputs": {
                "statusCode": 200,
                "body": {
                  "response": "That worked! Owner of the environment variable is updated ✅",
                  "result": "Succeeded",
                  "flowurl": "@{concat('https://make.powerautomate.com/manage/environments/', workflow()['tags']['environmentName'], '/flows/', workflow()['name'], '/runs/', workflow()['run']['name'])}"
                },
                "schema": {
                  "type": "object",
                  "properties": {
                    "response": {
                      "title": "response",
                      "x-ms-dynamically-added": true,
                      "type": "string"
                    },
                    "result": {
                      "title": "Result",
                      "x-ms-dynamically-added": true,
                      "type": "string"
                    },
                    "flowurl": {
                      "title": "FlowUrl",
                      "x-ms-dynamically-added": true,
                      "type": "string"
                    }
                  }
                }
              },
              "description": "If the previous step (the 1st respond) is skipped, no error has occurred, so the happy path is returned to the app"
            },
            "Update_a_row": {
              "runAfter": {},
              "metadata": {
                "operationMetadataId": "ffd9a959-2f79-423a-b1ed-15103dd3d487"
              },
              "type": "OpenApiConnection",
              "inputs": {
                "host": {
                  "connectionName": "shared_commondataserviceforapps_1",
                  "operationId": "UpdateRecord",
                  "apiId": "/providers/Microsoft.PowerApps/apis/shared_commondataserviceforapps"
                },
                "parameters": {
                  "entityName": "environmentvariabledefinitions",
                  "recordId": "@triggerBody()?['text_1']",
                  "item/ownerid@odata.bind": "systemusers(@{triggerBody()['text']})"
                },
                "authentication": "@parameters('$authentication')"
              },
              "description": "The owner is updated using the value transferred from the trigger for User and Environment Variable Definition"
            }
          },
          "runAfter": {},
          "metadata": {
            "operationMetadataId": "5ed71a2b-676b-4ce2-b7ed-e011f3bbb5f9"
          },
          "type": "Scope"
        },
        "Catch": {
          "actions": {
            "Condition": {
              "actions": {},
              "runAfter": {},
              "else": {
                "actions": {
                  "Respond_to_a_Power_App_or_flow_|_On_Error": {
                    "runAfter": {},
                    "metadata": {
                      "operationMetadataId": "6dcd6e25-64a0-473d-9588-6352288096c5"
                    },
                    "type": "Response",
                    "kind": "PowerApp",
                    "inputs": {
                      "statusCode": 200,
                      "body": {
                        "response": "This did not work! The environment variable could not be updated. The url of the flow run has been copied to your clipboard. Please check the flow run.❌",
                        "result": "Failed",
                        "flowurl": "@{concat('https://make.powerautomate.com/manage/environments/', workflow()['tags']['environmentName'], '/flows/', workflow()['name'], '/runs/', workflow()['run']['name'])}"
                      },
                      "schema": {
                        "type": "object",
                        "properties": {
                          "response": {
                            "title": "response",
                            "x-ms-dynamically-added": true,
                            "type": "string"
                          },
                          "result": {
                            "title": "Result",
                            "x-ms-dynamically-added": true,
                            "type": "string"
                          },
                          "flowurl": {
                            "title": "FlowUrl",
                            "x-ms-dynamically-added": true,
                            "type": "string"
                          }
                        }
                      }
                    },
                    "description": "If an error occurs when updating a row, a message is sent to the PowerApp"
                  }
                }
              },
              "expression": {
                "equals": [
                  "@triggerBody()['boolean']",
                  true
                ]
              },
              "metadata": {
                "operationMetadataId": "08c6f16b-61ab-4534-8db5-df6c092876eb"
              },
              "type": "If",
              "description": "When bulk transfer of components, you must not respond to parent flow, since every response will be set the flow run to \"succeeded\". Only respond when action performed, directly from PowerApps"
            },
            "Terminate": {
              "runAfter": {
                "Condition": [
                  "Succeeded"
                ]
              },
              "metadata": {
                "operationMetadataId": "c7970128-7333-475d-b662-ee6e478473b0"
              },
              "type": "Terminate",
              "inputs": {
                "runStatus": "Failed"
              },
              "description": "Always set flow to failed"
            }
          },
          "runAfter": {
            "Try": [
              "Failed",
              "Skipped",
              "TimedOut"
            ]
          },
          "metadata": {
            "operationMetadataId": "fcc854fb-d801-44d0-820f-a33bde298bda"
          },
          "type": "Scope"
        }
      }
    },
    "templateName": ""
  },
  "schemaVersion": "1.0.0.0"
}