<ImportExportXml xmlns:xsi="http://www.w3.org/2001/XMLSchema-instance" OrganizationVersion="9.2.24094.182" OrganizationSchemaType="Standard" CRMServerServiceabilityVersion="9.2.24094.00182">
  <Entities></Entities>
  <Roles></Roles>
  <Workflows>
    <Workflow WorkflowId="{04898f0a-5a60-ef11-bfe4-6045bd17d6fb}" Name="PowerMover | Update Connection Reference Owner | Instant">
      <JsonFileName>/Workflows/PowerMoverUpdateConnectionReferenceOwnerInstant-04898F0A-5A60-EF11-BFE4-6045BD17D6FB.json</JsonFileName>
      <Type>1</Type>
      <Subprocess>0</Subprocess>
      <Category>5</Category>
      <Mode>0</Mode>
      <Scope>4</Scope>
      <OnDemand>0</OnDemand>
      <TriggerOnCreate>0</TriggerOnCreate>
      <TriggerOnDelete>0</TriggerOnDelete>
      <AsyncAutodelete>0</AsyncAutodelete>
      <SyncWorkflowLogOnFailure>0</SyncWorkflowLogOnFailure>
      <StateCode>1</StateCode>
      <StatusCode>2</StatusCode>
      <RunAs>1</RunAs>
      <IsTransacted>1</IsTransacted>
      <IntroducedVersion>1.0.0.0</IntroducedVersion>
      <IsCustomizable>1</IsCustomizable>
      <BusinessProcessType>0</BusinessProcessType>
      <IsCustomProcessingStepAllowedForOtherPublishers>1</IsCustomProcessingStepAllowedForOtherPublishers>
      <PrimaryEntity>none</PrimaryEntity>
      <LocalizedNames>
        <LocalizedName languagecode="1033" description="PowerMover | Update Connection Reference Owner | Instant" />
      </LocalizedNames>
    </Workflow>
    <Workflow WorkflowId="{687e5f72-5860-ef11-bfe4-6045bd17d6fb}" Name="PowerMover | Update Canvas App Owner | Instant">
      <JsonFileName>/Workflows/PowerMoverUpdateCanvasAppOwnerInstant-687E5F72-5860-EF11-BFE4-6045BD17D6FB.json</JsonFileName>
      <Type>1</Type>
      <Subprocess>0</Subprocess>
      <Category>5</Category>
      <Mode>0</Mode>
      <Scope>4</Scope>
      <OnDemand>0</OnDemand>
      <TriggerOnCreate>0</TriggerOnCreate>
      <TriggerOnDelete>0</TriggerOnDelete>
      <AsyncAutodelete>0</AsyncAutodelete>
      <SyncWorkflowLogOnFailure>0</SyncWorkflowLogOnFailure>
      <StateCode>1</StateCode>
      <StatusCode>2</StatusCode>
      <RunAs>1</RunAs>
      <IsTransacted>1</IsTransacted>
      <IntroducedVersion>1.0.0.0</IntroducedVersion>
      <IsCustomizable>1</IsCustomizable>
      <BusinessProcessType>0</BusinessProcessType>
      <IsCustomProcessingStepAllowedForOtherPublishers>1</IsCustomProcessingStepAllowedForOtherPublishers>
      <PrimaryEntity>none</PrimaryEntity>
      <LocalizedNames>
        <LocalizedName languagecode="1033" description="PowerMover | Update Canvas App Owner | Instant" />
      </LocalizedNames>
    </Workflow>
    <Workflow WorkflowId="{56301a04-5b60-ef11-bfe4-6045bd17d6fb}" Name="PowerMover | Update Environment Variable Definition Owner | Instant">
      <JsonFileName>/Workflows/PowerMoverUpdateEnvironmentVariableDefinitionOwner-56301A04-5B60-EF11-BFE4-6045BD17D6FB.json</JsonFileName>
      <Type>1</Type>
      <Subprocess>0</Subprocess>
      <Category>5</Category>
      <Mode>0</Mode>
      <Scope>4</Scope>
      <OnDemand>0</OnDemand>
      <TriggerOnCreate>0</TriggerOnCreate>
      <TriggerOnDelete>0</TriggerOnDelete>
      <AsyncAutodelete>0</AsyncAutodelete>
      <SyncWorkflowLogOnFailure>0</SyncWorkflowLogOnFailure>
      <StateCode>1</StateCode>
      <StatusCode>2</StatusCode>
      <RunAs>1</RunAs>
      <IsTransacted>1</IsTransacted>
      <IntroducedVersion>1.0.0.0</IntroducedVersion>
      <IsCustomizable>1</IsCustomizable>
      <BusinessProcessType>0</BusinessProcessType>
      <IsCustomProcessingStepAllowedForOtherPublishers>1</IsCustomProcessingStepAllowedForOtherPublishers>
      <PrimaryEntity>none</PrimaryEntity>
      <LocalizedNames>
        <LocalizedName languagecode="1033" description="PowerMover | Update Environment Variable Definition Owner | Instant" />
      </LocalizedNames>
    </Workflow>
    <Workflow WorkflowId="{e0d31a9f-5b60-ef11-bfe4-6045bd17d6fb}" Name="PowerMover | Update Flow Owner | Instant">
      <JsonFileName>/Workflows/PowerMoverUpdateFlowOwnerInstant-E0D31A9F-5B60-EF11-BFE4-6045BD17D6FB.json</JsonFileName>
      <Type>1</Type>
      <Subprocess>0</Subprocess>
      <Category>5</Category>
      <Mode>0</Mode>
      <Scope>4</Scope>
      <OnDemand>0</OnDemand>
      <TriggerOnCreate>0</TriggerOnCreate>
      <TriggerOnDelete>0</TriggerOnDelete>
      <AsyncAutodelete>0</AsyncAutodelete>
      <SyncWorkflowLogOnFailure>0</SyncWorkflowLogOnFailure>
      <StateCode>1</StateCode>
      <StatusCode>2</StatusCode>
      <RunAs>1</RunAs>
      <IsTransacted>1</IsTransacted>
      <IntroducedVersion>1.0.0.0</IntroducedVersion>
      <IsCustomizable>1</IsCustomizable>
      <BusinessProcessType>0</BusinessProcessType>
      <IsCustomProcessingStepAllowedForOtherPublishers>1</IsCustomProcessingStepAllowedForOtherPublishers>
      <PrimaryEntity>none</PrimaryEntity>
      <LocalizedNames>
        <LocalizedName languagecode="1033" description="PowerMover | Update Flow Owner | Instant" />
      </LocalizedNames>
    </Workflow>
    <Workflow WorkflowId="{522fae3c-f27e-ef11-ac20-6045bd170579}" Name="Power Mover | Bulk operation spread components on childflows | Instant">
      <JsonFileName>/Workflows/PowerMoverBulkoperationspreadcomponentsonchildflow-522FAE3C-F27E-EF11-AC20-6045BD170579.json</JsonFileName>
      <Type>1</Type>
      <Subprocess>0</Subprocess>
      <Category>5</Category>
      <Mode>0</Mode>
      <Scope>4</Scope>
      <OnDemand>0</OnDemand>
      <TriggerOnCreate>0</TriggerOnCreate>
      <TriggerOnDelete>0</TriggerOnDelete>
      <AsyncAutodelete>0</AsyncAutodelete>
      <SyncWorkflowLogOnFailure>0</SyncWorkflowLogOnFailure>
      <StateCode>1</StateCode>
      <StatusCode>2</StatusCode>
      <RunAs>1</RunAs>
      <IsTransacted>1</IsTransacted>
      <IntroducedVersion>1.0.0.2</IntroducedVersion>
      <IsCustomizable>1</IsCustomizable>
      <BusinessProcessType>0</BusinessProcessType>
      <IsCustomProcessingStepAllowedForOtherPublishers>1</IsCustomProcessingStepAllowedForOtherPublishers>
      <PrimaryEntity>none</PrimaryEntity>
      <LocalizedNames>
        <LocalizedName languagecode="1033" description="Power Mover | Bulk operation spread components on childflows | Instant" />
      </LocalizedNames>
    </Workflow>
  </Workflows>
  <FieldSecurityProfiles></FieldSecurityProfiles>
  <Templates />
  <EntityMaps />
  <EntityRelationships />
  <OrganizationSettings />
  <optionsets />
  <CustomControls />
  <EntityDataProviders />
  <CanvasApps>
    <CanvasApp>
      <Name>ema_powermovermanageownerships_9e5df</Name>
      <AppVersion>2024-10-08T08:53:58Z</AppVersion>
      <Status>Ready</Status>
      <CreatedByClientVersion>3.24095.15.0</CreatedByClientVersion>
      <MinClientVersion>3.24095.15.0</MinClientVersion>
      <Tags>{"primaryDeviceWidth":"1864","primaryDeviceHeight":"821","supportsPortrait":"true","supportsLandscape":"true","primaryFormFactor":"Tablet","showStatusBar":"false","publisherVersion":"3.24095.15","minimumRequiredApiVersion":"2.2.0","hasComponent":"false","hasUnlockedComponent":"false","isUnifiedRootApp":"false","sienaVersion":"20241007T195710Z-3.24094.14.0"}</Tags>
      <IsCdsUpgraded>0</IsCdsUpgraded>
      <GalleryItemId xsi:nil="true"></GalleryItemId>
      <BackgroundColor>rgba(29, 65, 29, 1)</BackgroundColor>
      <DisplayName>PowerMover - Manage Ownerships</DisplayName>
      <Description xsi:nil="true"></Description>
      <CommitMessage xsi:nil="true"></CommitMessage>
      <Publisher xsi:nil="true"></Publisher>
      <AuthorizationReferences>[]</AuthorizationReferences>
      <ConnectionReferences>{"2d51326b-16b9-4613-b872-401b789ba21a":{"id":"/providers/microsoft.powerapps/apis/shared_logicflows","displayName":"Logic flows","iconUri":"https://connectoricons-prod.azureedge.net/releases/v1.0.1697/1.0.1697.3780/logicflows/icon.png","dataSources":["PowerMover|Bulkoperationspreadcomponentsonchildflows|Instant"],"dependencies":[],"dependents":[],"parameterHints":{"workflowName":{"value":"efe7391d-cc3f-4ca5-82ac-30b5f9d8a168"},"workflowEntityId":{"value":"522fae3c-f27e-ef11-ac20-6045bd170579"},"workflowDisplayName":{"value":"Power Mover | Bulk operation spread components on childflows | Instant"}},"parameterHintsV2":{"workflowName":{"value":"efe7391d-cc3f-4ca5-82ac-30b5f9d8a168"},"workflowEntityId":{"value":"522fae3c-f27e-ef11-ac20-6045bd170579"},"workflowDisplayName":{"value":"Power Mover | Bulk operation spread components on childflows | Instant"}},"isOnPremiseConnection":false,"bypassConsent":false,"dataSets":{},"apiTier":"Standard","actions":["Run"]},"d73efe40-78ef-4197-a792-2544ba7701be":{"id":"/providers/microsoft.powerapps/apis/shared_logicflows","displayName":"Logic flows","iconUri":"https://connectoricons-prod.azureedge.net/releases/v1.0.1697/1.0.1697.3780/logicflows/icon.png","dataSources":["PowerMover|UpdateConnectionReferenceOwner|Instant"],"dependencies":["e129b738-7fb6-4476-a475-328edba1c25e"],"dependents":[],"parameterHints":{"workflowName":{"value":"9978fe46-c6b0-4861-9d9a-d85678ecda7c"},"workflowEntityId":{"value":"04898f0a-5a60-ef11-bfe4-6045bd17d6fb"},"workflowDisplayName":{"value":"PowerMover | Update Connection Reference Owner | Instant"},"e129b738-7fb6-4476-a475-328edba1c25e":{"value":"shared_commondataserviceforapps_1"}},"parameterHintsV2":{"workflowName":{"value":"9978fe46-c6b0-4861-9d9a-d85678ecda7c"},"workflowEntityId":{"value":"04898f0a-5a60-ef11-bfe4-6045bd17d6fb"},"workflowDisplayName":{"value":"PowerMover | Update Connection Reference Owner | Instant"},"shared_commondataserviceforapps_1":{"value":"e129b738-7fb6-4476-a475-328edba1c25e"}},"isOnPremiseConnection":false,"bypassConsent":false,"dataSets":{},"apiTier":"Standard","actions":["Run"]},"e129b738-7fb6-4476-a475-328edba1c25e":{"id":"/providers/microsoft.powerapps/apis/shared_commondataserviceforapps","displayName":"Microsoft Dataverse","iconUri":"https://connectoricons-prod.azureedge.net/releases/v1.0.1716/1.0.1716.3922/commondataserviceforapps/icon.png","dataSources":[],"dependencies":[],"dependents":["d73efe40-78ef-4197-a792-2544ba7701be","15f075e8-8061-4129-a591-0e79557d7ca0","8b53e9dd-4c41-48e0-91eb-1aa12043904c","39a035d9-54bb-4b12-af52-b3ee8774a0c2"],"parameterHints":{},"parameterHintsV2":{},"isOnPremiseConnection":false,"bypassConsent":false,"dataSets":{},"apiTier":"Premium"},"15f075e8-8061-4129-a591-0e79557d7ca0":{"id":"/providers/microsoft.powerapps/apis/shared_logicflows","displayName":"Logic flows","iconUri":"https://connectoricons-prod.azureedge.net/releases/v1.0.1697/1.0.1697.3780/logicflows/icon.png","dataSources":["PowerMover|UpdateCanvasAppOwner|Instant"],"dependencies":["e129b738-7fb6-4476-a475-328edba1c25e"],"dependents":[],"parameterHints":{"workflowName":{"value":"76aa1f38-8ef8-4f6f-a0e8-cb55a6b36346"},"workflowEntityId":{"value":"687e5f72-5860-ef11-bfe4-6045bd17d6fb"},"workflowDisplayName":{"value":"PowerMover | Update Canvas App Owner | Instant"},"e129b738-7fb6-4476-a475-328edba1c25e":{"value":"shared_commondataserviceforapps_2"}},"parameterHintsV2":{"workflowName":{"value":"76aa1f38-8ef8-4f6f-a0e8-cb55a6b36346"},"workflowEntityId":{"value":"687e5f72-5860-ef11-bfe4-6045bd17d6fb"},"workflowDisplayName":{"value":"PowerMover | Update Canvas App Owner | Instant"},"shared_commondataserviceforapps_2":{"value":"e129b738-7fb6-4476-a475-328edba1c25e"}},"isOnPremiseConnection":false,"bypassConsent":false,"dataSets":{},"apiTier":"Standard","actions":["Run"]},"8b53e9dd-4c41-48e0-91eb-1aa12043904c":{"id":"/providers/microsoft.powerapps/apis/shared_logicflows","displayName":"Logic flows","iconUri":"https://connectoricons-prod.azureedge.net/releases/v1.0.1697/1.0.1697.3780/logicflows/icon.png","dataSources":["PowerMover|UpdateEnvironmentVariableDefinitionOwner|Instant"],"dependencies":["e129b738-7fb6-4476-a475-328edba1c25e"],"dependents":[],"parameterHints":{"workflowName":{"value":"499a9526-d016-465f-8e27-5c414363220f"},"workflowEntityId":{"value":"56301a04-5b60-ef11-bfe4-6045bd17d6fb"},"workflowDisplayName":{"value":"PowerMover | Update Environment Variable Definition Owner | Instant"},"e129b738-7fb6-4476-a475-328edba1c25e":{"value":"shared_commondataserviceforapps_1"}},"parameterHintsV2":{"workflowName":{"value":"499a9526-d016-465f-8e27-5c414363220f"},"workflowEntityId":{"value":"56301a04-5b60-ef11-bfe4-6045bd17d6fb"},"workflowDisplayName":{"value":"PowerMover | Update Environment Variable Definition Owner | Instant"},"shared_commondataserviceforapps_1":{"value":"e129b738-7fb6-4476-a475-328edba1c25e"}},"isOnPremiseConnection":false,"bypassConsent":false,"dataSets":{},"apiTier":"Standard","actions":["Run"]},"39a035d9-54bb-4b12-af52-b3ee8774a0c2":{"id":"/providers/microsoft.powerapps/apis/shared_logicflows","displayName":"Logic flows","iconUri":"https://connectoricons-prod.azureedge.net/releases/v1.0.1697/1.0.1697.3780/logicflows/icon.png","dataSources":["PowerMover|UpdateFlowOwner|Instant"],"dependencies":["e129b738-7fb6-4476-a475-328edba1c25e"],"dependents":[],"parameterHints":{"workflowName":{"value":"adc50866-02f3-45e7-8101-5abbea86083d"},"workflowEntityId":{"value":"e0d31a9f-5b60-ef11-bfe4-6045bd17d6fb"},"workflowDisplayName":{"value":"PowerMover | Update Flow Owner | Instant"},"e129b738-7fb6-4476-a475-328edba1c25e":{"value":"shared_commondataserviceforapps_1"}},"parameterHintsV2":{"workflowName":{"value":"adc50866-02f3-45e7-8101-5abbea86083d"},"workflowEntityId":{"value":"e0d31a9f-5b60-ef11-bfe4-6045bd17d6fb"},"workflowDisplayName":{"value":"PowerMover | Update Flow Owner | Instant"},"shared_commondataserviceforapps_1":{"value":"e129b738-7fb6-4476-a475-328edba1c25e"}},"isOnPremiseConnection":false,"bypassConsent":false,"dataSets":{},"apiTier":"Standard","actions":["Run"]}}</ConnectionReferences>
      <DatabaseReferences>{"default.cds":{"databaseDetails":{"referenceType":"Environmental","environmentName":"default.cds","overrideValues":{"status":"NotSpecified","environmentVariableName":""}},"dataSources":{"Connection References":{"entitySetName":"connectionreferences","logicalName":"connectionreference"},"Users":{"entitySetName":"systemusers","logicalName":"systemuser"},"Canvas Apps":{"entitySetName":"canvasapps","logicalName":"canvasapp"},"Processes":{"entitySetName":"workflows","logicalName":"workflow"},"Environment Variable Definitions":{"entitySetName":"environmentvariabledefinitions","logicalName":"environmentvariabledefinition"},"Environment Variable Values":{"entitySetName":"environmentvariablevalues","logicalName":"environmentvariablevalue"}}}}</DatabaseReferences>
      <AppComponents>[]</AppComponents>
      <AppComponentDependencies>[]</AppComponentDependencies>
      <CanConsumeAppPass>1</CanConsumeAppPass>
      <CanvasAppType>0</CanvasAppType>
      <BypassConsent>0</BypassConsent>
      <AdminControlBypassConsent>0</AdminControlBypassConsent>
      <EmbeddedApp xsi:nil="true"></EmbeddedApp>
      <IntroducedVersion>1.0</IntroducedVersion>
      <CdsDependencies>{"cdsdependencies":[{"dependencyid":"522fae3c-f27e-ef11-ac20-6045bd170579","componenttype":29,"componenttypeplatformname":"Workflow"},{"dependencyid":"04898f0a-5a60-ef11-bfe4-6045bd17d6fb","componenttype":29,"componenttypeplatformname":"Workflow"},{"dependencyid":"687e5f72-5860-ef11-bfe4-6045bd17d6fb","componenttype":29,"componenttypeplatformname":"Workflow"},{"dependencyid":"56301a04-5b60-ef11-bfe4-6045bd17d6fb","componenttype":29,"componenttypeplatformname":"Workflow"},{"dependencyid":"e0d31a9f-5b60-ef11-bfe4-6045bd17d6fb","componenttype":29,"componenttypeplatformname":"Workflow"},{"logicalname":"connectionreference","componenttype":1},{"logicalname":"systemuser","componenttype":1},{"logicalname":"canvasapp","componenttype":1},{"logicalname":"workflow","componenttype":1},{"logicalname":"environmentvariabledefinition","componenttype":1},{"logicalname":"environmentvariablevalue","componenttype":1}]}</CdsDependencies>
      <IsCustomizable>1</IsCustomizable>
      <BackgroundImageUri>/CanvasApps/ema_powermovermanageownerships_9e5df_BackgroundImageUri</BackgroundImageUri>
      <DocumentUri>/CanvasApps/ema_powermovermanageownerships_9e5df_DocumentUri.msapp</DocumentUri>
      <AdditionalUris>
        <AdditionalUri>/CanvasApps/ema_powermovermanageownerships_9e5df_AdditionalUris0_identity.json</AdditionalUri>
      </AdditionalUris>
    </CanvasApp>
  </CanvasApps>
  <connectionreferences>
    <connectionreference connectionreferencelogicalname="ema_sharedcommondataserviceforapps_552d6">
      <connectionreferencedisplayname>Microsoft Dataverse PowerMoverManageOwnerships-552d6</connectionreferencedisplayname>
      <connectorid>/providers/Microsoft.PowerApps/apis/shared_commondataserviceforapps</connectorid>
      <iscustomizable>1</iscustomizable>
      <statecode>0</statecode>
      <statuscode>1</statuscode>
    </connectionreference>
    <connectionreference connectionreferencelogicalname="ema_sharedpowerappsforadmins_b11c3">
      <connectionreferencedisplayname>Power Apps for Admins PowerMoverManageOwnerships-b11c3</connectionreferencedisplayname>
      <connectorid>/providers/Microsoft.PowerApps/apis/shared_powerappsforadmins</connectorid>
      <iscustomizable>1</iscustomizable>
      <statecode>0</statecode>
      <statuscode>1</statuscode>
    </connectionreference>
    <connectionreference connectionreferencelogicalname="ema_sharedpowerplatformforadmins_b3c93">
      <connectionreferencedisplayname>Power Platform for Admins PowerMoverManageOwnerships-b3c93</connectionreferencedisplayname>
      <connectorid>/providers/Microsoft.PowerApps/apis/shared_powerplatformforadmins</connectorid>
      <iscustomizable>1</iscustomizable>
      <statecode>0</statecode>
      <statuscode>1</statuscode>
    </connectionreference>
  </connectionreferences>
  <Languages>
    <Language>1033</Language>
  </Languages>
</ImportExportXml>